<?xml version="1.0" encoding="UTF-8"?>
<project-private xmlns="http://www.netbeans.org/ns/project-private/1">
    <editor-bookmarks xmlns="http://www.netbeans.org/ns/editor-bookmarks/2" lastBookmarkId="0"/>
    <open-files xmlns="http://www.netbeans.org/ns/projectui-open-files/2">
        <group>
            <file>file:/C:/xampp/htdocs/mangeonsafro-wp/wp-content/themes/mangeonsafro/checkout-review.php</file>
            <file>file:/C:/xampp/htdocs/mangeonsafro-wp/wp-content/themes/mangeonsafro/statics-pages/content-about-us.php</file>
            <file>file:/C:/xampp/htdocs/mangeonsafro-wp/wp-content/themes/mangeonsafro/our-products.php</file>
            <file>file:/C:/xampp/htdocs/mangeonsafro-wp/wp-content/themes/mangeonsafro/header.php</file>
            <file>file:/C:/xampp/htdocs/mangeonsafro-wp/wp-content/themes/mangeonsafro/account-address.php</file>
            <file>file:/C:/xampp/htdocs/mangeonsafro-wp/wp-content/themes/mangeonsafro/assets/js/main.js</file>
            <file>file:/C:/xampp/htdocs/mangeonsafro-wp/wp-content/themes/mangeonsafro/statics-pages/content-404.php</file>
            <file>file:/C:/xampp/htdocs/mangeonsafro-wp/wp-content/themes/mangeonsafro/index.php</file>
            <file>file:/C:/xampp/htdocs/mangeonsafro-wp/wp-content/themes/mangeonsafro/statics-pages/content-our-products.php</file>
            <file>file:/C:/xampp/htdocs/mangeonsafro-wp/wp-content/themes/mangeonsafro/contact.php</file>
            <file>file:/C:/xampp/htdocs/mangeonsafro-wp/wp-content/themes/mangeonsafro/checkout-payment.php</file>
            <file>file:/C:/xampp/htdocs/mangeonsafro-wp/wp-content/themes/mangeonsafro/users-pages/content-profile-orders.php</file>
            <file>file:/C:/xampp/htdocs/mangeonsafro-wp/wp-content/themes/mangeonsafro/statics-pages/content-success-or-faillure-message.php</file>
            <file>file:/C:/xampp/htdocs/mangeonsafro-wp/wp-content/themes/mangeonsafro/footer.php</file>
            <file>file:/C:/xampp/htdocs/mangeonsafro-wp/wp-content/themes/mangeonsafro/checkout-confirmation.php</file>
            <file>file:/C:/xampp/htdocs/mangeonsafro-wp/wp-content/themes/mangeonsafro/checkout-delivery.php</file>
            <file>file:/C:/xampp/htdocs/mangeonsafro-wp/wp-content/themes/mangeonsafro/checkout.php</file>
            <file>file:/C:/xampp/htdocs/mangeonsafro-wp/wp-content/themes/mangeonsafro/statics-pages/content-registration-success-or-faillure-message.php</file>
            <file>file:/C:/xampp/htdocs/mangeonsafro-wp/wp-content/themes/mangeonsafro/customer-zone.php</file>
            <file>file:/C:/xampp/htdocs/mangeonsafro-wp/wp-content/themes/mangeonsafro/register.php</file>
            <file>file:/C:/xampp/htdocs/mangeonsafro-wp/wp-content/mu-plugins/mangeonsafro-functions/users/users-functions.php</file>
            <file>file:/C:/xampp/htdocs/mangeonsafro-wp/wp-content/themes/mangeonsafro/users-pages/content-customer-zone.php</file>
            <file>file:/C:/xampp/htdocs/mangeonsafro-wp/wp-content/themes/mangeonsafro/users-pages/content-profile-address.php</file>
            <file>file:/C:/xampp/htdocs/mangeonsafro-wp/wp-content/themes/mangeonsafro/checkout-address.php</file>
            <file>file:/C:/xampp/htdocs/mangeonsafro-wp/wp-content/themes/mangeonsafro/functions.php</file>
            <file>file:/C:/xampp/htdocs/mangeonsafro-wp/wp-content/themes/mangeonsafro/account-orders.php</file>
            <file>file:/C:/xampp/htdocs/mangeonsafro-wp/wp-content/mu-plugins/mangeonsafro-functions/commons/commons-functions.php</file>
            <file>file:/C:/xampp/htdocs/mangeonsafro-wp/wp-content/mu-plugins/mangeonsafro-functions/mangeonsafro-functions.php</file>
            <file>file:/C:/xampp/htdocs/mangeonsafro-wp/wp-content/themes/mangeonsafro/statics-pages/content-checkout.php</file>
            <file>file:/C:/xampp/htdocs/mangeonsafro-wp/wp-content/mu-plugins/mangeonsafro-functions/parameters.properties</file>
            <file>file:/C:/xampp/htdocs/mangeonsafro-wp/wp-content/themes/mangeonsafro/cart.php</file>
            <file>file:/C:/xampp/htdocs/mangeonsafro-wp/wp-content/themes/mangeonsafro/statics-pages/content-index.php</file>
            <file>file:/C:/xampp/htdocs/mangeonsafro-wp/wp-content/themes/mangeonsafro/statics-pages/content-contact.php</file>
            <file>file:/C:/xampp/htdocs/mangeonsafro-wp/wp-content/themes/mangeonsafro/statics-pages/content-cart.php</file>
            <file>file:/C:/xampp/htdocs/mangeonsafro-wp/wp-content/themes/mangeonsafro/login.php</file>
            <file>file:/C:/xampp/htdocs/mangeonsafro-wp/wp-content/themes/mangeonsafro/users-pages/content-profile.php</file>
        </group>
    </open-files>
</project-private>
